{
"tex_light_probe":"beach_1_4.jpg"
,
"envmap_shift":0.750000
,
"log_scale":0.000000
,
"eyeRscale":1.500000
,
"L0_yaw":0.000000
,
"L0_pitch":0.000000
,
"L0_R":1.000000
,
"L0_G":1.000000
,
"L0_B":1.000000
,
"L0Intensity":0.000000
,
"L1_yaw":0.000000
,
"L1_pitch":0.000000
,
"L1_R":1.000000
,
"L1_G":1.000000
,
"L1_B":1.000000
,
"L1Intensity":-2.000000
,
"alphaThreshold":"1.0"

}