{

"face_hack":{
"obj_type":0.090909
,
"tex_normal":".webp"
,
"normal_strength":0.000000
,
"albedo":".webp"
,
"Ka":0.190909
,
"Kd":0.100000
,
"Ks":0.200000
,
"Kr":0.081818
,
"roughness":0.118000
,
"tex_smoothness":"grey.webp"
,
"has_tex_smoothness":0.000000
,
"ior":1.330000
,
"F0":1.000000
,
"is_eye":0.000000
,
"is_hair":0.000000

},
"body":{
"obj_type":0.300000
,
"tex_normal":".webp"
,
"normal_strength":0.000000
,
"albedo":"zhiheren.webp"
,
"Ka":0.800000
,
"Kd":0.100000
,
"Ks":0.200000
,
"Kr":0.000000
,
"roughness":0.532000
,
"tex_smoothness":"grey.webp"
,
"has_tex_smoothness":0.000000
,
"ior":1.330000
,
"F0":0.145455
,
"is_eye":0.000000
,
"is_hair":0.000000

},
"bs0:bs01":{
"obj_type":0.300000
,
"tex_normal":".webp"
,
"normal_strength":0.000000
,
"albedo":"bs0.webp"
,
"Ka":0.600000
,
"Kd":0.427273
,
"Ks":0.163636
,
"Kr":0.300000
,
"roughness":0.235000
,
"tex_smoothness":"grey.webp"
,
"has_tex_smoothness":0.000000
,
"ior":1.330000
,
"F0":1.000000
,
"is_eye":0.000000
,
"is_hair":0.000000

}}