{
"ofs_vbo_dyn":[0,54544],
"ofs_bs_deltas":[54544,54544],
"ofs_bs_add_ranges":[109088,12],
"ofs_bs_padd_ranges":[109100,188],
"ofs_vbo_static":[109288,163624],
"ofs_ebo":[272912,43488],
"boundingbox":[-0.320820,-0.390423,-0.422232,0.326566,0.003427,0.412683],
"drawcalls":[
{"name":"teenth",
"ofs_PN":0,
"ofs_st":127264,
"ofs_ebo":0,
"dyn_ebo_count":7248,
"static_ebo_count":0,
"count":7248,
"is_dynamic":1, 
"is_eye":0,
"is_ebo_32bit":0,
"p_bs_padd_ranges":0,
"P_center":[-5.063682,-30.023581,-12.917725],
"scales":[0.376674,1.595153,0.699477],
"alt_streams":[
{"name":"weight","ofs":0,"channels":1},
{"name":"dPds","ofs":18180,"channels":3},
{"name":"dPdt","ofs":72720,"channels":3}
],
"mat":{
"Kd":[0.800000,0.800000,0.800000],
"Ka":0.000000,
"Ks":0.000000,
"Ns":0.000000,
"tex":"white.webp"
},
"translate":[0,0,0],
"rotate":[1.000000,0.000000,0.000000,0.000000,1.000000,0.000000,0.000000,0.000000,1.000000],
"transform":[1.000000,0.000000,0.000000,0.000000,0.000000,1.000000,0.000000,0.000000,0.000000,0.000000,1.000000,0.000000,0,0,0,1.000000]}
]}