{
"ofs_vbo_dyn":[0,0],
"ofs_bs_deltas":[0,0],
"ofs_bs_add_ranges":[0,0],
"ofs_bs_padd_ranges":[0,0],
"ofs_vbo_static":[0,192],
"ofs_ebo":[192,12],
"drawcalls":[
{"name":"default",
"ofs_PN":112,
"ofs_st":160,
"ofs_ebo":0,
"dyn_ebo_count":0,
"static_ebo_count":2,
"count":2,
"is_dynamic":0, 
"is_eye":0,
"is_ebo_32bit":0,
"p_bs_padd_ranges":0,
"P_center":[0.000000,0.000000,0.000000],
"scales":[0.500000,0.500000,0.000000],
"alt_streams":[
{"name":"weight","ofs":0,"channels":1},
{"name":"dPds","ofs":16,"channels":3},
{"name":"dPdt","ofs":64,"channels":3}
],
"mat":{
"Kd":[0.588000,0.588000,0.588000],
"Ka":0.588000,
"Ks":0.000000,
"Ns":10.000000,
"tex":"default_00000.webp"
},
"translate":[0.000000,0.000000,0.000000],
"rotate":[80.000000,0.000000,0.000000,0.000000,80.000000,0.000000,0.000000,0.000000,1.000000],
"transform":[80.000000,0.000000,0.000000,0.000000,0.000000,80.000000,0.000000,0.000000,0.000000,0.000000,1.000000,0.000000,0.000000,0.000000,0.000000,1.000000]}
]}