{
"name":"test_picasso"
,
"envmap_shift":0.750000
,
"envmap_fov":1.000000
,
"log_scale":0.000000
,
"eyeRscale":0.800000
,
"L0_yaw":0.000000
,
"L0_pitch":0.000000
,
"L0_R":1.000000
,
"L0_G":1.000000
,
"L0_B":1.000000
,
"L0Intensity":0.000000
,
"L1_yaw":0.000000
,
"L1_pitch":0.000000
,
"L1_R":1.000000
,
"L1_G":1.000000
,
"L1_B":1.000000
,
"L1Intensity":-2.000000
,
"alphaThreshold":"1.0"
,
"is_fix_x":1.000000
,
"is_fix_y":1.000000
,
"is_fix_z":1.000000
,
"fixed_x":0.000000
,
"fixed_y":0.000000
,
"fixed_z":0.0
,
"isnofacerender":1.000000
,
"fixed_nx":0.000000
,
"fixed_ny":0.000000
,
"fixed_nz":0.000000
,
"use_fov":0.000000
,
"camera_fov":20.000000
,
"rot_weight":0.300000
,
"expr_clamp":1.000000

}